0,0,0,0,0,0,0,0,0,0,-4.4086531670613e-11,3.63825218861386e-12,-0.252498471333022,0.507067634872921,-0.254569157338968,-3.6267420502093e-12,4.4086531670613e-11,-3.63825218861386e-12,-0.252498471333022,0.507067634872921,-0.254569157338968,3.6267420502093e-12
0,0,0,0,0,0,0,0,0,0,5.98422664892165e-11,-4.93728164004691e-12,-0.252910372117633,0.507897863915189,-0.254987499982815,4.94221880171665e-12,-5.98422664892165e-11,4.93728164004691e-12,-0.252910372117633,0.507897863915189,-0.254987499982815,-4.94221880171665e-12
0,0,0,0,0,0,0,0,0,0,5.38971792061193e-11,-4.44744164080048e-12,-0.25413156679729,0.51035934523736,-0.256227785830432,4.44886709926121e-12,-5.38971792061193e-11,4.44744164080048e-12,-0.25413156679729,0.51035934523736,-0.256227785830432,-4.44886709926121e-12
0,0,0,0,0,0,0,0,0,0,3.62636869594689e-12,-2.95769075919964e-13,-0.256135274183608,0.514398290013889,-0.258263016274303,3.00668399348105e-13,-3.62636869594689e-12,2.95769075919964e-13,-0.256135274183608,0.514398290013889,-0.258263016274303,-3.00668399348105e-13
0,0,0,0,0,0,0,0,0,0,1.1676885187558e-11,-9.6133157691903e-13,-0.258888934536063,0.519949371925863,-0.261060438909688,9.68055581065504e-13,-1.1676885187558e-11,9.6133157691903e-13,-0.258888934536063,0.519949371925863,-0.261060438909688,-9.68055581065504e-13
0,0,0,0,0,0,0,0,0,0,4.69344631820871e-11,-3.87811676359622e-12,-0.262355343580982,0.526937979396021,-0.264582642223357,3.87322902332391e-12,-4.69344631820871e-11,3.87811676359622e-12,-0.262355343580982,0.526937979396021,-0.264582642223357,-3.87322902332391e-12
0,0,0,0,0,0,0,0,0,0,2.62350191716533e-11,-2.1677101973383e-12,-0.266493758575448,0.535282433535729,-0.268788678405502,2.17579944926729e-12,-2.62350191716533e-11,2.1677101973383e-12,-0.266493758575448,0.535282433535729,-0.268788678405502,-2.17579944926729e-12
0,0,0,0,0,0,0,0,0,0,7.80167501735656e-11,-6.45981465439189e-12,-0.271260933397541,0.544896080494807,-0.273635157477279,6.46271013495977e-12,-7.80167501735656e-11,6.45981465439189e-12,-0.271260933397541,0.544896080494807,-0.273635157477279,-6.46271013495977e-12
0,0,0,0,0,0,0,0,0,0,1.33091015899763e-11,-1.09955486062963e-12,-0.276612420243719,0.555689848460926,-0.27907742988459,1.10867664878469e-12,-1.33091015899763e-11,1.09955486062963e-12,-0.276612420243719,0.555689848460926,-0.27907742988459,-1.10867664878469e-12
0,0,0,0,0,0,0,0,0,0,-4.81829773310906e-11,3.8898280192332e-12,-0.282503355247034,0.567573872325661,-0.285070510608108,-3.87279640696656e-12,4.81829773310906e-11,-3.8898280192332e-12,-0.282503355247034,0.567573872325661,-0.285070510608108,3.87279640696656e-12
0,0,0,0,0,0,0,0,0,0,-1.96707783423624e-11,1.63934548260311e-12,-0.28888936791992,0.580459278034757,-0.291569907481522,-1.63011193944195e-12,1.96707783423624e-11,-1.63934548260311e-12,-0.28888936791992,0.580459278034757,-0.291569907481522,1.63011193944195e-12
0,0,0,0,0,0,0,0,0,0,-2.93467133884423e-11,2.44768509042314e-12,-0.295727204593546,0.59425942307892,-0.29853221470651,-2.44458679112625e-12,2.93467133884423e-11,-2.44768509042314e-12,-0.295727204593546,0.59425942307892,-0.29853221470651,2.44458679112625e-12
0,0,0,0,0,0,0,0,0,0,7.60406363004614e-11,-6.33649120934455e-12,-0.302975376831894,0.608891224286028,-0.305915857024644,6.33865784410237e-12,-7.60406363004614e-11,6.33649120934455e-12,-0.302975376831894,0.608891224286028,-0.305915857024644,-6.33865784410237e-12
0,0,0,0,0,0,0,0,0,0,-7.83280888370036e-11,6.54578338272508e-12,-0.310594291049451,0.624275355765896,-0.313681054989622,-6.54742457868907e-12,7.83280888370036e-11,-6.54578338272508e-12,-0.310594291049451,0.624275355765896,-0.313681054989622,6.54742457868907e-12
0,0,0,0,0,0,0,0,0,0,7.15386055929022e-11,-5.98128601180598e-12,-0.318546693091731,0.640337253365946,-0.321790569048612,5.98036916289902e-12,-7.15386055929022e-11,5.98128601180598e-12,-0.318546693091731,0.640337253365946,-0.321790569048612,-5.98036916289902e-12
0,0,0,0,0,0,0,0,0,0,-3.38170387494181e-11,2.83870774445532e-12,-0.326797632270783,0.657006878770558,-0.330209242360389,-2.83171649620818e-12,3.38170387494181e-11,-2.83870774445532e-12,-0.326797632270783,0.657006878770558,-0.330209242360389,2.83171649620818e-12
0,0,0,0,0,0,0,0,0,0,1.50786092986471e-11,-1.15634765108938e-12,-0.335314668162019,0.674219296655429,-0.338904630299482,1.15304359382559e-12,-1.50786092986471e-11,1.15634765108938e-12,-0.335314668162019,0.674219296655429,-0.338904630299482,-1.15304359382559e-12
0,0,0,0,0,0,0,0,0,0,5.54756983825215e-11,-4.66420575680176e-12,-0.344067623556219,0.691914062427739,-0.347846445291568,4.67165405209159e-12,-5.54756983825215e-11,4.66420575680176e-12,-0.344067623556219,0.691914062427739,-0.347846445291568,-4.67165405209159e-12
0,0,0,0,0,0,0,0,0,0,-3.6330124731959e-12,3.10335496889805e-13,-0.35302881863348,0.710035734436015,-0.357006915362661,-3.07236571401784e-13,3.6330124731959e-12,-3.10335496889805e-13,-0.35302881863348,0.710035734436015,-0.357006915362661,3.07236571401784e-13
0,0,0,0,0,0,0,0,0,0,-4.12211550368736e-11,2.89679068143847e-12,-0.362172627107145,0.728533005117354,-0.366360373198816,-2.87339610731508e-12,4.12211550368736e-11,-2.89679068143847e-12,-0.362172627107145,0.728533005117354,-0.366360373198816,2.87339610731508e-12
0,0,0,0,0,0,0,0,0,0,3.85585889639472e-11,-3.26280037798329e-12,-0.37147553555016,0.747358781483104,-0.375883250169657,3.26593479120486e-12,-3.85585889639472e-11,3.26280037798329e-12,-0.37147553555016,0.747358781483104,-0.375883250169657,-3.26593479120486e-12
0,0,0,0,0,0,0,0,0,0,2.28599108083723e-11,-1.93765077787478e-12,-0.380916104989738,0.766470121146491,-0.385554018580994,1.94598503786755e-12,-2.28599108083723e-11,1.93765077787478e-12,-0.380916104989738,0.766470121146491,-0.385554018580994,-1.94598503786755e-12
0,0,0,0,0,0,0,0,0,0,3.22195329087303e-11,-2.73987281310091e-12,-0.390474558618121,0.785827420977788,-0.39535286574366,2.74662286924192e-12,-3.22195329087303e-11,2.73987281310091e-12,-0.390474558618121,0.785827420977788,-0.39535286574366,-2.74662286924192e-12
0,0,0,0,0,0,0,0,0,0,-8.67662198882356e-11,7.29431984468874e-12,-0.400132791964455,0.80539441024592,-0.405261608936585,-7.24455716187277e-12,8.67662198882356e-11,-7.29431984468874e-12,-0.400132791964455,0.80539441024592,-0.405261608936585,7.24455716187277e-12
0,0,0,0,0,0,0,0,0,0,-5.03331546620023e-11,4.14908730188053e-12,-0.409874331775414,0.825138112450533,-0.415263775463074,-4.13714146428825e-12,5.03331546620023e-11,-4.14908730188053e-12,-0.409874331775414,0.825138112450533,-0.415263775463074,4.13714146428825e-12
0,0,0,0,0,0,0,0,0,0,-5.91987717617561e-12,5.13184952210509e-13,-0.419683978437736,0.845028069950156,-0.425344090870487,-5.04564724130066e-13,5.91987717617561e-12,-5.13184952210509e-13,-0.419683978437736,0.845028069950156,-0.425344090870487,5.04564724130066e-13
0,0,0,0,0,0,0,0,0,0,1.02831877687755e-10,-8.12215618349344e-12,-0.429547867206756,0.865036511017685,-0.435488653991402,8.1005147105509e-12,-1.02831877687755e-10,8.12215618349344e-12,-0.429547867206756,0.865036511017685,-0.435488653991402,-8.1005147105509e-12
0,0,0,0,0,0,0,0,0,0,4.4747613456529e-11,-3.86009132504288e-12,-0.439453099237037,0.885137588472736,-0.445684493444508,3.87433139301919e-12,-4.4747613456529e-11,3.86009132504288e-12,-0.439453099237037,0.885137588472736,-0.445684493444508,-3.87433139301919e-12
0,0,0,0,0,0,0,0,0,0,5.94693274746964e-11,-4.36458237499236e-12,-0.449388129528849,0.905308170843679,-0.455920046911017,4.35815349425889e-12,-5.94693274746964e-11,4.36458237499236e-12,-0.449388129528849,0.905308170843679,-0.455920046911017,-4.35815349425889e-12
0,0,0,0,0,0,0,0,0,0,-3.33848534784851e-11,2.90540328096564e-12,-0.459342010219506,0.925526322083041,-0.466184308723159,-2.8879074866284e-12,3.33848534784851e-11,-2.90540328096564e-12,-0.459342010219506,0.925526322083041,-0.466184308723159,2.8879074866284e-12
0,0,0,0,0,0,0,0,0,0,7.04582709559933e-11,-6.13852170024524e-12,-0.469304820369688,0.945772164945112,-0.476467350835282,6.14808122199366e-12,-7.04582709559933e-11,6.13852170024524e-12,-0.469304820369688,0.945772164945112,-0.476467350835282,-6.14808122199366e-12
0,0,0,0,0,0,0,0,0,0,-1.08807901354406e-11,9.45941103893986e-13,-0.479267377518966,0.966027269901331,-0.486759891316191,-9.1945611617042e-13,1.08807901354406e-11,-9.45941103893986e-13,-0.479267377518966,0.966027269901331,-0.486759891316191,9.1945611617042e-13
0,0,0,0,0,0,0,0,0,0,4.21251228108692e-11,-3.69220847832731e-12,-0.489221144746122,0.986274536049626,-0.497053394828174,3.70888729029124e-12,-4.21251228108692e-11,3.69220847832731e-12,-0.489221144746122,0.986274536049626,-0.497053394828174,-3.70888729029124e-12
0,0,0,0,0,0,0,0,0,0,-1.06506702193214e-12,9.84041429333709e-14,-0.49915828900759,1.00649823518566,-0.507339946138692,-1.13152623701615e-13,1.06506702193214e-12,-9.84041429333709e-14,-0.49915828900759,1.00649823518566,-0.507339946138692,1.13152623701615e-13
0,0,0,0,0,0,0,0,0,0,7.15856956923212e-11,-6.321496385044e-12,-0.509071341519646,1.02668339023495,-0.51761205447453,6.33778348243279e-12,-7.15856956923212e-11,6.321496385044e-12,-0.509071341519646,1.02668339023495,-0.51761205447453,-6.33778348243279e-12
0,0,0,0,0,0,0,0,0,0,4.73633771996446e-11,-4.19671963709506e-12,-0.518953566532537,1.04681646261227,-0.527862899800962,4.20681736180175e-12,-4.73633771996446e-11,4.19671963709506e-12,-0.518953566532537,1.04681646261227,-0.527862899800962,-4.20681736180175e-12
0,0,0,0,0,0,0,0,0,0,2.68534760996016e-11,-2.38874436920636e-12,-0.528798458270424,1.06688438706132,-0.538085930803352,2.40768439726594e-12,-2.68534760996016e-11,2.38874436920636e-12,-0.528798458270424,1.06688438706132,-0.538085930803352,-2.40768439726594e-12
0,0,0,0,0,0,0,0,0,0,-3.51215099581972e-11,3.14217249806897e-12,-0.53860011668069,1.08687529662357,-0.548275177211331,-3.11745088613623e-12,3.51215099581972e-11,-3.14217249806897e-12,-0.53860011668069,1.08687529662357,-0.548275177211331,3.11745088613623e-12
0,0,0,0,0,0,0,0,0,0,-4.40612806662586e-11,3.75565075522534e-12,-0.548352807179428,1.10677765817191,-0.558424847635627,-3.7176050530677e-12,4.40612806662586e-11,-3.75565075522534e-12,-0.548352807179428,1.10677765817191,-0.558424847635627,3.7176050530677e-12
0,0,0,0,0,0,0,0,0,0,-2.9197927193988e-12,2.6708888994842e-13,-0.558051316881484,1.12658096633791,-0.568529649202555,-2.52131616974651e-13,2.9197927193988e-12,-2.6708888994842e-13,-0.558051316881484,1.12658096633791,-0.568529649202555,2.52131616974651e-13
0,0,0,0,0,0,0,0,0,0,-8.27989943960663e-11,6.30386143919631e-12,-0.567690540338447,1.14627492459865,-0.578584378432806,-6.2891316648221e-12,8.27989943960663e-11,-6.30386143919631e-12,-0.567690540338447,1.14627492459865,-0.578584378432806,6.2891316648221e-12
0,0,0,0,0,0,0,0,0,0,5.2649644796056e-11,-4.77178094407249e-12,-0.577265816351034,1.16585012204819,-0.588584309263507,4.77842409345503e-12,-5.2649644796056e-11,4.77178094407249e-12,-0.577265816351034,1.16585012204819,-0.588584309263507,-4.77842409345503e-12
0,0,0,0,0,0,0,0,0,0,-1.22719178419073e-10,1.11819243180412e-11,-0.586772548555265,1.1852972517482,-0.598524694987182,-1.11576112403994e-11,1.22719178419073e-10,-1.11819243180412e-11,-0.586772548555265,1.1852972517482,-0.598524694987182,1.11576112403994e-11
0,0,0,0,0,0,0,0,0,0,-4.08911633433764e-11,3.74419708085205e-12,-0.596206516682164,1.20460778642956,-0.608401267068077,-3.72958244060556e-12,4.08911633433764e-11,-3.74419708085205e-12,-0.596206516682164,1.20460778642956,-0.608401267068077,3.72958244060556e-12
0,0,0,0,0,0,0,0,0,0,9.18465586539518e-11,-8.0936695453565e-12,-0.605563516982651,1.22377318554877,-0.618209674393518,8.07414718974191e-12,-9.18465586539518e-11,8.0936695453565e-12,-0.605563516982651,1.22377318554877,-0.618209674393518,-8.07414718974191e-12
0,0,0,0,0,0,0,0,0,0,-7.85951374053215e-12,7.30809426845616e-13,-0.614839734538554,1.24278567737615,-0.627945942361754,-7.37429721816873e-13,7.85951374053215e-12,-7.30809426845616e-13,-0.614839734538554,1.24278567737615,-0.627945942361754,7.37429721816873e-13
0,0,0,0,0,0,0,0,0,0,7.34424795666292e-12,-6.7465483791745e-13,-0.624031316650139,1.26163742310239,-0.637606106845678,6.9678675650442e-13,-7.34424795666292e-12,6.7465483791745e-13,-0.624031316650139,1.26163742310239,-0.637606106845678,-6.9678675650442e-13
0,0,0,0,0,0,0,0,0,0,5.75593137189574e-11,-5.34198618386514e-12,-0.633134572627237,1.28032087983217,-0.647186310507882,5.36434273524829e-12,-5.75593137189574e-11,5.34198618386514e-12,-0.633134572627237,1.28032087983217,-0.647186310507882,-5.36434273524829e-12
0,0,0,0,0,0,0,0,0,0,-3.91951057822617e-11,3.66440495928949e-12,-0.642146101823249,1.29882906449724,-0.656682960422762,-3.64670250262696e-12,3.91951057822617e-11,-3.66440495928949e-12,-0.642146101823249,1.29882906449724,-0.656682960422762,3.64670250262696e-12
0,0,0,0,0,0,0,0,0,0,5.28114039875551e-11,-4.94340547876466e-12,-0.651062424563382,1.31715484282905,-0.666092421117541,4.97632413072562e-12,-5.28114039875551e-11,4.94340547876466e-12,-0.651062424563382,1.31715484282905,-0.666092421117541,-4.97632413072562e-12
0,0,0,0,0,0,0,0,0,0,1.19775176688641e-10,-1.12665718196148e-11,-0.659880240869508,1.33529139920148,-0.675411164740977,1.1271671313559e-11,-1.19775176688641e-10,1.12665718196148e-11,-0.659880240869508,1.33529139920148,-0.675411164740977,-1.1271671313559e-11
0,0,0,0,0,0,0,0,0,0,5.02832881893084e-11,-4.74401180707709e-12,-0.668596287578961,1.35323197837442,-0.684635693410371,4.74405020335962e-12,-5.02832881893084e-11,4.74401180707709e-12,-0.668596287578961,1.35323197837442,-0.684635693410371,-4.74405020335962e-12
0,0,0,0,0,0,0,0,0,0,-2.1884886568037e-11,2.07694794190957e-12,-0.677207519438622,1.37097025217184,-0.693762731578227,-2.04878833622887e-12,2.1884886568037e-11,-2.07694794190957e-12,-0.677207519438622,1.37097025217184,-0.693762731578227,2.04878833622887e-12
0,0,0,0,0,0,0,0,0,0,-1.56220740222633e-10,1.48942969561875e-11,-0.68571081200735,1.38849970548219,-0.702788885727649,-1.48740690903907e-11,1.56220740222633e-10,-1.48942969561875e-11,-0.68571081200735,1.38849970548219,-0.702788885727649,1.48740690903907e-11
0,0,0,0,0,0,0,0,0,0,1.52397038318928e-10,-1.45787780086466e-11,-0.694103138960058,1.40581402015408,-0.71171088855853,1.45605330028382e-11,-1.52397038318928e-10,1.45787780086466e-11,-0.694103138960058,1.40581402015408,-0.71171088855853,-1.45605330028382e-11
0,0,0,0,0,0,0,0,0,0,4.73308993701785e-12,-4.48022329753274e-13,-0.702381524154516,1.42290690077122,-0.720525376800495,4.7469157614429e-13,-4.73308993701785e-12,4.48022329753274e-13,-0.702381524154516,1.42290690077122,-0.720525376800495,-4.7469157614429e-13
0,0,0,0,0,0,0,0,0,0,6.16787439233763e-11,-5.95377620823578e-12,-0.710543139911084,1.43977238567401,-0.72922924854082,5.98907757103388e-12,-6.16787439233763e-11,5.95377620823578e-12,-0.710543139911084,1.43977238567401,-0.72922924854082,-5.98907757103388e-12
0,0,0,0,0,0,0,0,0,0,1.40210085776083e-11,-1.38702120024868e-12,-0.718585072710441,1.45640427896099,-0.737819206834076,1.42285177691327e-12,-1.40210085776083e-11,1.38702120024868e-12,-0.718585072710441,1.45640427896099,-0.737819206834076,-1.42285177691327e-12
0,0,0,0,0,0,0,0,0,0,-6.209788857034e-11,6.01466615436308e-12,-0.726504487847736,1.47279653028509,-0.746292039708252,-5.98086310326048e-12,6.209788857034e-11,-6.01466615436308e-12,-0.726504487847736,1.47279653028509,-0.746292039708252,5.98086310326048e-12
0,0,0,0,0,0,0,0,0,0,-2.14078413687567e-10,2.09323659525899e-11,-0.734298584350249,1.48894312464938,-0.754644531197054,-2.09192276382645e-11,2.14078413687567e-10,-2.09323659525899e-11,-0.734298584350249,1.48894312464938,-0.754644531197054,2.09192276382645e-11
0,0,0,0,0,0,0,0,0,0,-2.48178769280332e-10,2.37285920867807e-11,-0.741964530508384,1.50483796781575,-0.762873427100456,-2.37556157099584e-11,2.48178769280332e-10,-2.37285920867807e-11,-0.741964530508384,1.50483796781575,-0.762873427100456,2.37556157099584e-11
0,0,0,0,0,0,0,0,0,0,-1.69597895258082e-10,1.60621458143862e-11,-0.749499674547512,1.52047528096975,-0.770975599599793,-1.60348804608546e-11,1.69597895258082e-10,-1.60621458143862e-11,-0.749499674547512,1.52047528096975,-0.770975599599793,1.60348804608546e-11
0,0,0,0,0,0,0,0,0,0,2.21198840256849e-10,-2.18885861812735e-11,-0.756901219044534,1.53584897402834,-0.77894776362004,2.19267473762665e-11,-2.21198840256849e-10,2.18885861812735e-11,-0.756901219044534,1.53584897402834,-0.77894776362004,-2.19267473762665e-11
0,0,0,0,0,0,0,0,0,0,-9.60980961111123e-12,-9.62424167124507e-13,-0.764166509980636,1.55095318175373,-0.786786671337882,1.01575379182935e-12,9.60980961111123e-12,9.62424167124507e-13,-0.764166509980636,1.55095318175373,-0.786786671337882,-1.01575379182935e-12
0,0,0,0,0,0,0,0,0,0,6.16082325438053e-11,-6.14291926966799e-12,-0.77129265859919,1.56578157583111,-0.794488919486838,6.18212487344338e-12,-6.16082325438053e-11,6.14291926966799e-12,-0.77129265859919,1.56578157583111,-0.794488919486838,-6.18212487344338e-12
0,0,0,0,0,0,0,0,0,0,2.30535667564041e-10,-2.30972574461849e-11,-0.778277111009902,1.58032845105538,-0.802051348485458,2.30348823536365e-11,-2.30535667564041e-10,2.30972574461849e-11,-0.778277111009902,1.58032845105538,-0.802051348485458,-2.30348823536365e-11
0,0,0,0,0,0,0,0,0,0,-1.21315325588546e-10,1.21677028361899e-11,-0.785117076966852,1.59458756578799,-0.809470484487331,-1.21294030523212e-11,1.21315325588546e-10,-1.21677028361899e-11,-0.785117076966852,1.59458756578799,-0.809470484487331,1.21294030523212e-11
0,0,0,0,0,0,0,0,0,0,-1.98425821380293e-10,1.92236609456087e-11,-0.79180993094014,1.60855302164773,-0.816743083803271,-1.92074798574713e-11,1.98425821380293e-10,-1.92236609456087e-11,-0.79180993094014,1.60855302164773,-0.816743083803271,1.92074798574713e-11
0,0,0,0,0,0,0,0,0,0,-1.26503240755362e-10,1.26228372871934e-11,-0.798352916943471,1.62221858557138,-0.823865664294155,-1.25937590695997e-11,1.26503240755362e-10,-1.26228372871934e-11,-0.798352916943471,1.62221858557138,-0.823865664294155,1.25937590695997e-11
0,0,0,0,0,0,0,0,0,0,2.36610409228366e-11,-2.40371672956443e-12,-0.804743319689632,1.63557807974196,-0.830834760795798,2.45014677098406e-12,-2.36610409228366e-11,2.40371672956443e-12,-0.804743319689632,1.63557807974196,-0.830834760795798,-2.45014677098406e-12
0,0,0,0,0,0,0,0,0,0,-4.55306263814096e-10,4.14211819062045e-11,-0.810978426259795,1.64862527978731,-0.837646838720388,-4.12748246612296e-11,4.55306263814096e-10,-4.14211819062045e-11,-0.810978426259795,1.64862527978731,-0.837646838720388,4.12748246612296e-11
0,0,0,0,0,0,0,0,0,0,2.1287301872316e-10,-1.8047289459246e-11,-0.817055514252511,1.66135393036944,-0.844298422832144,1.80192236533926e-11,-2.1287301872316e-10,1.8047289459246e-11,-0.817055514252511,1.66135393036944,-0.844298422832144,-1.80192236533926e-11
0,0,0,0,0,0,0,0,0,0,-4.38303080197694e-11,4.52136754523048e-12,-0.822971763144437,1.673757514657,-0.850785750021405,-4.47330487241686e-12,4.38303080197694e-11,-4.52136754523048e-12,-0.822971763144437,1.673757514657,-0.850785750021405,4.47330487241686e-12
0,0,0,0,0,0,0,0,0,0,-9.47103038761359e-11,9.79728608736328e-12,-0.828724491445753,1.68582976879606,-0.857105274386572,-9.84105012311796e-12,9.47103038761359e-11,-9.79728608736328e-12,-0.828724491445753,1.68582976879606,-0.857105274386572,9.84105012311796e-12
0,0,0,0,0,0,0,0,0,0,2.85201898214251e-11,-2.9501580025794e-12,-0.834310836722974,1.69756403150902,-0.863253195583737,2.99958023671091e-12,-2.85201898214251e-11,2.9501580025794e-12,-0.834310836722974,1.69756403150902,-0.863253195583737,-2.99958023671091e-12
0,0,0,0,0,0,0,0,0,0,1.72820519099169e-10,-1.36705036354767e-11,-0.839728139213183,1.70895399160926,-0.869225857391986,1.36669798121554e-11,-1.72820519099169e-10,1.36705036354767e-11,-0.839728139213183,1.70895399160926,-0.869225857391986,-1.36669798121554e-11
0,0,0,0,0,0,0,0,0,0,1.22085070685256e-10,-1.27424015927452e-11,-0.844973383678232,1.71999261711708,-0.8750192367306,1.2757556172634e-11,-1.22085070685256e-10,1.27424015927452e-11,-0.844973383678232,1.71999261711708,-0.8750192367306,-1.2757556172634e-11
0,0,0,0,0,0,0,0,0,0,1.80001584174625e-10,-1.88569878239278e-11,-0.850043844549079,1.73067339046083,-0.880629550906067,1.89251436802313e-11,-1.80001584174625e-10,1.88569878239278e-11,-0.850043844549079,1.73067339046083,-0.880629550906067,-1.89251436802313e-11
0,0,0,0,0,0,0,0,0,0,-3.23345884786214e-10,3.39927005570201e-11,-0.854936598970286,1.74098936676645,-0.886052758808294,-3.40097956846993e-11,3.23345884786214e-10,-3.39927005570201e-11,-0.854936598970286,1.74098936676645,-0.886052758808294,3.40097956846993e-11
0,0,0,0,0,0,0,0,0,0,-1.44570802167004e-10,1.52606309173171e-11,-0.859648699399086,1.75093356170062,-0.891284858087619,-1.5280393334237e-11,1.44570802167004e-10,-1.52606309173171e-11,-0.859648699399086,1.75093356170062,-0.891284858087619,1.5280393334237e-11
0,0,0,0,0,0,0,0,0,0,-6.2544350034107e-11,2.12684284978441e-12,-0.864177221990532,1.76049896240144,-0.896321738678239,-1.99856436574847e-12,6.2544350034107e-11,-2.12684284978441e-12,-0.864177221990532,1.76049896240144,-0.896321738678239,1.99856436574847e-12
0,0,0,0,0,0,0,0,0,0,1.30395604873831e-10,-1.38322400010731e-11,-0.868519085972661,1.76967820847226,-0.90115912590165,1.38961630668545e-11,-1.30395604873831e-10,1.38322400010731e-11,-0.868519085972661,1.76967820847226,-0.90115912590165,-1.38961630668545e-11
0,0,0,0,0,0,0,0,0,0,6.08943579367967e-11,-3.18811145003256e-12,-0.872671346471269,1.77846421077482,-0.905792865869737,3.12351756432696e-12,-6.08943579367967e-11,3.18811145003256e-12,-0.872671346471269,1.77846421077482,-0.905792865869737,-3.12351756432696e-12
0,0,0,0,0,0,0,0,0,0,-5.9829515952218e-11,6.39849825154491e-12,-0.876630752211872,1.78684924379488,-0.910218489937532,-6.36220110111787e-12,5.9829515952218e-11,-6.39849825154491e-12,-0.876630752211872,1.78684924379488,-0.910218489937532,6.36220110111787e-12
0,0,0,0,0,0,0,0,0,0,1.85874089134459e-10,-1.98769010539654e-11,-0.880394310647355,1.79482607192715,-0.914431765853003,1.99484560332094e-11,-1.85874089134459e-10,1.98769010539654e-11,-0.880394310647355,1.79482607192715,-0.914431765853003,-1.99484560332094e-11
0,0,0,0,0,0,0,0,0,0,-7.31776307422428e-12,7.98712326114627e-13,-0.883958745770856,1.80238685909355,-0.91842811322609,-9.14700536949149e-13,7.31776307422428e-12,-7.98712326114627e-13,-0.883958745770856,1.80238685909355,-0.91842811322609,9.14700536949149e-13
0,0,0,0,0,0,0,0,0,0,2.18825498842722e-10,-2.35250973052039e-11,-0.887320761847164,1.80952375570021,-0.922202999244218,2.36029642569569e-11,-2.18825498842722e-10,2.35250973052039e-11,-0.887320761847164,1.80952375570021,-0.922202999244218,-2.36029642569569e-11
0,0,0,0,0,0,0,0,0,0,-4.97059820504716e-10,4.78516737607376e-11,-0.890477026123752,1.81622878504824,-0.925751746999788,-4.79216410219217e-11,4.97059820504716e-10,-4.78516737607376e-11,-0.890477026123752,1.81622878504824,-0.925751746999788,4.79216410219217e-11
0,0,0,0,0,0,0,0,0,0,-6.21860404705038e-11,6.72584457846656e-12,-0.893424087723193,1.82249378189339,-0.929069692498194,-6.76312194724761e-12,6.21860404705038e-11,-6.72584457846656e-12,-0.893424087723193,1.82249378189339,-0.929069692498194,6.76312194724761e-12
0,0,0,0,0,0,0,0,0,0,-4.35953149657285e-11,3.35044938289942e-12,-0.896158446183914,1.82831045048962,-0.932152003159493,-3.24272587720767e-12,4.35953149657285e-11,-3.35044938289942e-12,-0.896158446183914,1.82831045048962,-0.932152003159493,3.24272587720767e-12
0,0,0,0,0,0,0,0,0,0,4.43416675836893e-10,-4.76655585406443e-11,-0.898676495255803,1.8336703023099,-0.934993817490885,4.74955878524917e-11,-4.43416675836893e-10,4.76655585406443e-11,-0.898676495255803,1.8336703023099,-0.934993817490885,-4.74955878524917e-11
0,0,0,0,0,0,0,0,0,0,-4.68416245073273e-10,5.08505725613468e-11,-0.900974515176019,1.83856460359276,-0.937590077772122,-5.0785676799273e-11,4.68416245073273e-10,-5.08505725613468e-11,-0.900974515176019,1.83856460359276,-0.937590077772122,5.0785676799273e-11
0,0,0,0,0,0,0,0,0,0,2.19760134536201e-10,-2.38860209252688e-11,-0.903048750202841,1.84298466411707,-0.939935918925037,2.39413655508178e-11,-2.19760134536201e-10,2.38860209252688e-11,-0.903048750202841,1.84298466411707,-0.939935918925037,-2.39413655508178e-11
0,0,0,0,0,0,0,0,0,0,-1.5127628754312e-10,1.64568807227104e-11,-0.904895275755508,1.84692135856316,-0.942026079313348,-1.63889473414882e-11,1.5127628754312e-10,-1.64568807227104e-11,-0.904895275755508,1.84692135856316,-0.942026079313348,1.63889473414882e-11
0,0,0,0,0,0,0,0,0,0,4.25052807765686e-12,-4.70674364189755e-13,-0.906510027165547,1.85036541153522,-0.943855384347207,5.53977629266991e-13,-4.25052807765686e-12,4.70674364189755e-13,-0.906510027165547,1.85036541153522,-0.943855384347207,-5.53977629266991e-13
0,0,0,0,0,0,0,0,0,0,3.62774019513091e-10,-3.50475032439636e-11,-0.907888866947559,1.85330739428364,-0.945418535721602,3.49747981462518e-11,-3.62774019513091e-10,3.50475032439636e-11,-0.907888866947559,1.85330739428364,-0.945418535721602,-3.49747981462518e-11
0,0,0,0,0,0,0,0,0,0,-6.90335124701987e-11,7.13552192760767e-12,-0.909027372540773,1.85573735815719,-0.946709983985055,-7.06567513446571e-12,6.90335124701987e-11,-7.13552192760767e-12,-0.909027372540773,1.85573735815719,-0.946709983985055,7.06567513446571e-12
0,0,0,0,0,0,0,0,0,0,6.08549383282884e-11,-6.64043722516054e-12,-0.909921241368225,1.85764567175776,-0.947724431592017,6.69370404318457e-12,-6.08549383282884e-11,6.64043722516054e-12,-0.909921241368225,1.85764567175776,-0.947724431592017,-6.69370404318457e-12
0,0,0,0,0,0,0,0,0,0,1.69211564629336e-10,-1.84953069456828e-11,-0.910565775444122,1.85902195336598,-0.94845618157033,1.85741207244759e-11,-1.69211564629336e-10,1.84953069456828e-11,-0.910565775444122,1.85902195336598,-0.94845618157033,-1.85741207244759e-11
0,0,0,0,0,0,0,0,0,0,-4.63000255053858e-10,4.45360648928332e-11,-0.910956154160693,1.85985563835834,-0.948899473351119,-4.45664982230749e-11,4.63000255053858e-10,-4.45360648928332e-11,-0.910956154160693,1.85985563835834,-0.948899473351119,4.45664982230749e-11
0,0,0,0,0,0,0,0,0,0,6.83272743473226e-12,-7.33628729517077e-13,-0.911087391554687,1.86013593339854,-0.94904854302898,6.5797382664655e-13,-6.83272743473226e-12,7.33628729517077e-13,-0.911087391554687,1.86013593339854,-0.94904854302898,-6.5797382664655e-13
0,0,0,0,0,0,0,0,0,0,2.53315981416763e-10,-2.76936860747087e-11,-0.910956291171151,1.85985592419042,-0.948899639018844,2.76360401643464e-11,-2.53315981416763e-10,2.76936860747087e-11,-0.910956291171151,1.85985592419042,-0.948899639018844,-2.76360401643464e-11
0,0,0,0,0,0,0,0,0,0,-3.98348465677558e-10,4.35496428066239e-11,-0.910565887504144,1.85902216941922,-0.948456275805183,-4.35272853516042e-11,3.98348465677558e-10,-4.35496428066239e-11,-0.910565887504144,1.85902216941922,-0.948456275805183,4.35272853516042e-11
0,0,0,0,0,0,0,0,0,0,-3.69243496645882e-10,3.40761005202739e-11,-0.909921354810836,1.85764589956096,-0.947724536325303,-3.41444841295042e-11,3.69243496645882e-10,-3.40761005202739e-11,-0.909921354810836,1.85764589956096,-0.947724536325303,3.41444841295042e-11
0,0,0,0,0,0,0,0,0,0,2.56561936836358e-10,-2.80330513286661e-11,-0.909027515865827,1.85573765348664,-0.946710143459432,2.79986972900223e-11,-2.56561936836358e-10,2.80330513286661e-11,-0.909027515865827,1.85573765348664,-0.946710143459432,-2.79986972900223e-11
0,0,0,0,0,0,0,0,0,0,3.50349196602104e-11,-3.83819062339109e-12,-0.907888976316866,1.85330761227375,-0.945418636894944,3.89220474565579e-12,-3.50349196602104e-11,3.83819062339109e-12,-0.907888976316866,1.85330761227375,-0.945418636894944,-3.89220474565579e-12
0,0,0,0,0,0,0,0,0,0,-5.54451068770697e-10,5.31877858688164e-11,-0.906510090654822,1.85036553703428,-0.943855433603966,-5.29270159141192e-11,5.54451068770697e-10,-5.31877858688164e-11,-0.906510090654822,1.85036553703428,-0.943855433603966,5.29270159141192e-11
0,0,0,0,0,0,0,0,0,0,2.76010563862535e-11,-3.01560452342724e-12,-0.904895397506232,1.84692160782497,-0.942026211108949,2.96960338604514e-12,-2.76010563862535e-11,3.01560452342724e-12,-0.904895397506232,1.84692160782497,-0.942026211108949,-2.96960338604514e-12
0,0,0,0,0,0,0,0,0,0,-2.40945948514107e-10,2.61928805397911e-11,-0.903048901155827,1.84298495691228,-0.939936050152614,-2.6265326502946e-11,2.40945948514107e-10,-2.61928805397911e-11,-0.903048901155827,1.84298495691228,-0.939936050152614,2.6265326502946e-11
0,0,0,0,0,0,0,0,0,0,-2.59556777796854e-10,2.81713571726952e-11,-0.900974674555155,1.83856492873304,-0.937590248169939,-2.82285463340961e-11,2.59556777796854e-10,-2.81713571726952e-11,-0.900974674555155,1.83856492873304,-0.937590248169939,2.82285463340961e-11
0,0,0,0,0,0,0,0,0,0,-4.92488308436574e-10,4.76199124428477e-11,-0.898676638970645,1.83367057821173,-0.934993927364998,-4.74583646034416e-11,4.92488308436574e-10,-4.76199124428477e-11,-0.898676638970645,1.83367057821173,-0.934993927364998,4.74583646034416e-11
0,0,0,0,0,0,0,0,0,0,1.26058261975858e-10,-1.36422499000118e-11,-0.896158542917042,1.82831064572218,-0.932152105859791,1.35808542034597e-11,-1.26058261975858e-10,1.36422499000118e-11,-0.896158542917042,1.82831064572218,-0.932152105859791,-1.35808542034597e-11
0,0,0,0,0,0,0,0,0,0,-2.54029625511372e-11,2.73476269887606e-12,-0.893424195401032,1.82249399930009,-0.929069803410921,-2.78201606878674e-12,2.54029625511372e-11,-2.73476269887606e-12,-0.893424195401032,1.82249399930009,-0.929069803410921,2.78201606878674e-12
0,0,0,0,0,0,0,0,0,0,5.74195715288196e-10,-5.61533137540762e-11,-0.890477136513646,1.81622901555469,-0.925751892806799,5.6388369357963e-11,-5.74195715288196e-10,5.61533137540762e-11,-0.890477136513646,1.81622901555469,-0.925751892806799,-5.6388369357963e-11
0,0,0,0,0,0,0,0,0,0,2.18514888019078e-10,-2.35074870706834e-11,-0.887320893130128,1.80952401925049,-0.92220313169765,2.34649512959446e-11,-2.18514888019078e-10,2.35074870706834e-11,-0.887320893130128,1.80952401925049,-0.92220313169765,-2.34649512959446e-11
0,0,0,0,0,0,0,0,0,0,-2.64821839148393e-12,-5.08771561795234e-12,-0.88395888526544,1.80238714714924,-0.91842826179892,5.15322979911324e-12,2.64821839148393e-12,5.08771561795234e-12,-0.88395888526544,1.80238714714924,-0.91842826179892,-5.15322979911324e-12
0,0,0,0,0,0,0,0,0,0,2.17467324419149e-10,-2.32594892621432e-11,-0.880394467171586,1.79482638658185,-0.91443192492703,2.32139515972401e-11,-2.17467324419149e-10,2.32594892621432e-11,-0.880394467171586,1.79482638658185,-0.91443192492703,-2.32139515972401e-11
0,0,0,0,0,0,0,0,0,0,2.25414856231349e-10,-2.40483449983057e-11,-0.87663091836887,1.78684958406526,-0.910218671477428,2.40002190871603e-11,-2.25414856231349e-10,2.40483449983057e-11,-0.87663091836887,1.78684958406526,-0.910218671477428,-2.40002190871603e-11
0,0,0,0,0,0,0,0,0,0,-4.49789411580485e-10,4.66915753707326e-11,-0.872671466418172,1.77846444400112,-0.905792965659698,-4.64400307180756e-11,4.49789411580485e-10,-4.66915753707326e-11,-0.872671466418172,1.77846444400112,-0.905792965659698,4.64400307180756e-11
0,0,0,0,0,0,0,0,0,0,2.68251908485378e-10,-2.84722425325061e-11,-0.868519182830787,1.76967840604293,-0.901159230332503,2.84793333705187e-11,-2.68251908485378e-10,2.84722425325061e-11,-0.868519182830787,1.76967840604293,-0.901159230332503,-2.84793333705187e-11
0,0,0,0,0,0,0,0,0,0,1.61710088341142e-11,-1.7136626840027e-12,-0.864177304381907,1.7604991224347,-0.896321818609303,1.59033590678706e-12,-1.61710088341142e-11,1.7136626840027e-12,-0.864177304381907,1.7604991224347,-0.896321818609303,-1.59033590678706e-12
0,0,0,0,0,0,0,0,0,0,2.44617411613726e-10,-2.58127278965223e-11,-0.859648809804244,1.75093379335252,-0.891284990318501,2.57588243377633e-11,-2.44617411613726e-10,2.58127278965223e-11,-0.859648809804244,1.75093379335252,-0.891284990318501,-2.57588243377633e-11
0,0,0,0,0,0,0,0,0,0,-1.23848786077082e-10,1.29254999257563e-11,-0.854936723244443,1.74098962155014,-0.886052895273442,-1.28666740897208e-11,1.23848786077082e-10,-1.29254999257563e-11,-0.854936723244443,1.74098962155014,-0.886052895273442,1.28666740897208e-11
0,0,0,0,0,0,0,0,0,0,2.20629042094714e-10,-2.31309335356616e-11,-0.850043983702187,1.73067367023947,-0.880629692853135,2.3127313727778e-11,-2.20629042094714e-10,2.31309335356616e-11,-0.850043983702187,1.73067367023947,-0.880629692853135,-2.3127313727778e-11
0,0,0,0,0,0,0,0,0,0,1.77653501515208e-10,-1.41941391291751e-11,-0.844973539050115,1.71999292240605,-0.875019388470978,1.4152967753884e-11,-1.77653501515208e-10,1.41941391291751e-11,-0.844973539050115,1.71999292240605,-0.875019388470978,-1.4152967753884e-11
0,0,0,0,0,0,0,0,0,0,-1.44406499823246e-10,1.50225575477728e-11,-0.839728265512512,1.70895424314298,-0.869225973506526,-1.50805236077386e-11,1.44406499823246e-10,-1.50225575477728e-11,-0.839728265512512,1.70895424314298,-0.869225973506526,1.50805236077386e-11
0,0,0,0,0,0,0,0,0,0,1.4890721233428e-10,-1.44080782434635e-11,-0.834311017412126,1.69756439377853,-0.863253380849754,1.43735305240274e-11,-1.4890721233428e-10,1.44080782434635e-11,-0.834311017412126,1.69756439377853,-0.863253380849754,-1.43735305240274e-11
0,0,0,0,0,0,0,0,0,0,2.33686127976931e-10,-2.41066536903642e-11,-0.828724633007984,1.6858300611725,-0.857105435398045,2.39840378127487e-11,-2.33686127976931e-10,2.41066536903642e-11,-0.828724633007984,1.6858300611725,-0.857105435398045,-2.39840378127487e-11
0,0,0,0,0,0,0,0,0,0,1.52376734447466e-10,-1.56967198832232e-11,-0.822971868475731,1.67375773108756,-0.850785867353652,1.56599757364471e-11,-1.52376734447466e-10,1.56967198832232e-11,-0.822971868475731,1.67375773108756,-0.850785867353652,-1.56599757364471e-11
0,0,0,0,0,0,0,0,0,0,2.06463653506429e-10,-2.11924326521447e-11,-0.817055600689224,1.66135411020439,-0.84429851617784,2.1171289088676e-11,-2.06463653506429e-10,2.11924326521447e-11,-0.817055600689224,1.66135411020439,-0.84429851617784,-2.1171289088676e-11
0,0,0,0,0,0,0,0,0,0,-1.17328537928581e-10,1.19852525214685e-11,-0.810978556562246,1.64862554084548,-0.837646980538099,-1.20220902610154e-11,1.17328537928581e-10,-1.19852525214685e-11,-0.810978556562246,1.64862554084548,-0.837646980538099,1.20220902610154e-11
0,0,0,0,0,0,0,0,0,0,2.18429281541399e-10,-2.22496811810269e-11,-0.804743461303367,1.63557836889291,-0.830834914886562,2.22024931885816e-11,-2.18429281541399e-10,2.22496811810269e-11,-0.804743461303367,1.63557836889291,-0.830834914886562,-2.22024931885816e-11
0,0,0,0,0,0,0,0,0,0,1.0590614183779e-10,-1.06963100748402e-11,-0.798353073492641,1.62221890464485,-0.823865834777413,1.06583299193922e-11,-1.0590614183779e-10,1.06963100748402e-11,-0.798353073492641,1.62221890464485,-0.823865834777413,-1.06583299193922e-11
0,0,0,0,0,0,0,0,0,0,1.18603877930755e-10,-1.12080791105228e-11,-0.791810104342678,1.60855337379007,-0.816743273623678,1.1116540423196e-11,-1.18603877930755e-10,1.12080791105228e-11,-0.791810104342678,1.60855337379007,-0.816743273623678,-1.1116540423196e-11
0,0,0,0,0,0,0,0,0,0,-2.4584621334513e-10,2.15379204647435e-11,-0.785117226905315,1.59458786803283,-0.809470632435386,-2.14915002100218e-11,2.4584621334513e-10,-2.15379204647435e-11,-0.785117226905315,1.59458786803283,-0.809470632435386,2.14915002100218e-11
0,0,0,0,0,0,0,0,0,0,-8.89126137026452e-11,8.90468867303289e-12,-0.778277232677945,1.58032868430641,-0.802051448441487,-8.93997241702079e-12,8.89126137026452e-11,-8.90468867303289e-12,-0.778277232677945,1.58032868430641,-0.802051448441487,8.93997241702079e-12
0,0,0,0,0,0,0,0,0,0,2.09927742279865e-10,-2.07713937339222e-11,-0.771292782839919,1.56578182836421,-0.7944890533428,2.07697334381091e-11,-2.09927742279865e-10,2.07713937339222e-11,-0.771292782839919,1.56578182836421,-0.7944890533428,-2.07697334381091e-11
0,0,0,0,0,0,0,0,0,0,6.74079944423284e-11,-5.99066484601594e-12,-0.764166601830967,1.55095336195891,-0.786786762736001,5.95829148806326e-12,-6.74079944423284e-11,5.99066484601594e-12,-0.764166601830967,1.55095336195891,-0.786786762736001,-5.95829148806326e-12
0,0,0,0,0,0,0,0,0,0,-2.2024565408963e-10,2.17944548768868e-11,-0.756901390419705,1.53584930214277,-0.778947903124719,-2.18330868035467e-11,2.2024565408963e-10,-2.17944548768868e-11,-0.756901390419705,1.53584930214277,-0.778947903124719,2.18330868035467e-11
0,0,0,0,0,0,0,0,0,0,-1.11106463009944e-10,8.23304113704331e-12,-0.749499850914052,1.52047563965284,-0.770975784339461,-8.28257273374517e-12,1.11106463009944e-10,-8.23304113704331e-12,-0.749499850914052,1.52047563965284,-0.770975784339461,8.28257273374517e-12
0,0,0,0,0,0,0,0,0,0,-1.9743725660742e-10,1.93728581137493e-11,-0.741964733464428,1.50483837346922,-0.762873631902541,-1.94134563479549e-11,1.9743725660742e-10,-1.93728581137493e-11,-0.741964733464428,1.50483837346922,-0.762873631902541,1.94134563479549e-11
0,0,0,0,0,0,0,0,0,0,1.57785577016155e-10,-1.29695580533022e-11,-0.734298700930109,1.48894336522079,-0.754644670974135,1.295379022753e-11,-1.57785577016155e-10,1.29695580533022e-11,-0.734298700930109,1.48894336522079,-0.754644670974135,-1.295379022753e-11
0,0,0,0,0,0,0,0,0,0,1.27429397183124e-10,-1.24014688916882e-11,-0.726504623476434,1.47279680810979,-0.746292190184834,1.23887226525491e-11,-1.27429397183124e-10,1.24014688916882e-11,-0.726504623476434,1.47279680810979,-0.746292190184834,-1.23887226525491e-11
0,0,0,0,0,0,0,0,0,0,1.55822398445431e-10,-1.28273435862918e-11,-0.718585232910815,1.45640459881627,-0.737819372849187,1.28280717255024e-11,-1.55822398445431e-10,1.28273435862918e-11,-0.718585232910815,1.45640459881627,-0.737819372849187,-1.28280717255024e-11
0,0,0,0,0,0,0,0,0,0,7.65770476312706e-12,-7.46764698039671e-13,-0.710543325828014,1.43977275552749,-0.729229430072455,7.34819415084198e-13,-7.65770476312706e-12,7.46764698039671e-13,-0.710543325828014,1.43977275552749,-0.729229430072455,-7.34819415084198e-13
0,0,0,0,0,0,0,0,0,0,-1.49127432484946e-10,1.42929120788557e-11,-0.70238174038739,1.42290732767132,-0.720525580275917,-1.42686728856155e-11,1.49127432484946e-10,-1.42929120788557e-11,-0.70238174038739,1.42290732767132,-0.720525580275917,1.42686728856155e-11
0,0,0,0,0,0,0,0,0,0,1.32586137880448e-10,-1.21911617419271e-11,-0.694103276339184,1.40581429239524,-0.71171102246848,1.21757266325589e-11,-1.32586137880448e-10,1.21911617419271e-11,-0.694103276339184,1.40581429239524,-0.71171102246848,-1.21757266325589e-11
0,0,0,0,0,0,0,0,0,0,1.22979330684129e-10,-1.17246616549859e-11,-0.685710960869859,1.38850001424176,-0.702789059475951,1.17158107687496e-11,-1.22979330684129e-10,1.17246616549859e-11,-0.685710960869859,1.38850001424176,-0.702789059475951,-1.17158107687496e-11
0,0,0,0,0,0,0,0,0,0,4.65822678469066e-11,-3.04275437315959e-12,-0.67720770326779,1.37097061922989,-0.693762918401271,2.9957146032391e-12,-4.65822678469066e-11,3.04275437315959e-12,-0.67720770326779,1.37097061922989,-0.693762918401271,-2.9957146032391e-12
0,0,0,0,0,0,0,0,0,0,8.06904325812011e-12,-7.70128540501099e-13,-0.668596504402106,1.35323241037387,-0.684635906414443,7.62823104453294e-13,-8.06904325812011e-12,7.70128540501099e-13,-0.668596504402106,1.35323241037387,-0.684635906414443,-7.62823104453294e-13
0,0,0,0,0,0,0,0,0,0,-9.4070724714887e-11,8.84786411895138e-12,-0.659880392843767,1.33529169430869,-0.675411296462551,-8.87461691074878e-12,9.4070724714887e-11,-8.84786411895138e-12,-0.659880392843767,1.33529169430869,-0.675411296462551,8.87461691074878e-12
0,0,0,0,0,0,0,0,0,0,-1.63918998940185e-10,1.53558473773355e-11,-0.651062603804479,1.31715519220236,-0.666092579400406,-1.5376245013332e-11,1.63918998940185e-10,-1.53558473773355e-11,-0.651062603804479,1.31715519220236,-0.666092579400406,1.5376245013332e-11
0,0,0,0,0,0,0,0,0,0,1.17899692085675e-10,-1.10037658224412e-11,-0.642146300495398,1.29882946868799,-0.656683174886142,1.09929727629122e-11,-1.17899692085675e-10,1.10037658224412e-11,-0.642146300495398,1.29882946868799,-0.656683174886142,-1.09929727629122e-11
0,0,0,0,0,0,0,0,0,0,-1.86717344221046e-10,1.7345812926246e-11,-0.63313482566182,1.28032137520514,-0.647186538719107,-1.73617528383945e-11,1.86717344221046e-10,-1.7345812926246e-11,-0.63313482566182,1.28032137520514,-0.647186538719107,1.73617528383945e-11
0,0,0,0,0,0,0,0,0,0,-9.01761652388847e-11,8.34135528740497e-12,-0.624031492857296,1.26163777121401,-0.637606273006965,-8.35811386005484e-12,9.01761652388847e-11,-8.34135528740497e-12,-0.624031492857296,1.26163777121401,-0.637606273006965,8.35811386005484e-12
0,0,0,0,0,0,0,0,0,0,-1.41505718120567e-10,1.30380892162189e-11,-0.614839948794736,1.24278609981341,-0.627946142378677,-1.30553085835769e-11,1.41505718120567e-10,-1.30380892162189e-11,-0.614839948794736,1.24278609981341,-0.627946142378677,1.30553085835769e-11
0,0,0,0,0,0,0,0,0,0,-1.65385677236804e-10,1.51766956351063e-11,-0.605563780347333,1.22377370168769,-0.618209910961307,-1.51920266413851e-11,1.65385677236804e-10,-1.51766956351063e-11,-0.605563780347333,1.22377370168769,-0.618209910961307,1.51920266413851e-11
0,0,0,0,0,0,0,0,0,0,-6.63955238437974e-12,6.02310220113567e-13,-0.596206702882037,1.2046081605636,-0.608401457299805,-6.22169971107111e-13,6.63955238437974e-12,-6.02310220113567e-13,-0.596206702882037,1.2046081605636,-0.608401457299805,6.22169971107111e-13
0,0,0,0,0,0,0,0,0,0,-6.22626810249146e-11,5.66576587593098e-12,-0.586772777601033,1.18529771289175,-0.598524931214424,-5.6876904009594e-12,6.22626810249146e-11,-5.66576587593098e-12,-0.586772777601033,1.18529771289175,-0.598524931214424,5.6876904009594e-12
0,0,0,0,0,0,0,0,0,0,1.26790851877282e-10,-1.02759149865484e-11,-0.577265992933064,1.16585047461237,-0.58858449033421,1.02683584581515e-11,-1.26790851877282e-10,1.02759149865484e-11,-0.577265992933064,1.16585047461237,-0.58858449033421,-1.02683584581515e-11
0,0,0,0,0,0,0,0,0,0,-1.54782175905188e-10,1.39821201578304e-11,-0.567690768204686,1.14627537246859,-0.578584593443156,-1.39817308572838e-11,1.54782175905188e-10,-1.39821201578304e-11,-0.567690768204686,1.14627537246859,-0.578584593443156,1.39817308572838e-11
0,0,0,0,0,0,0,0,0,0,-1.24261250230982e-10,1.1163724126841e-11,-0.558051548038616,1.12658142257194,-0.568529865589483,-1.11541521351171e-11,1.24261250230982e-10,-1.1163724126841e-11,-0.558051548038616,1.12658142257194,-0.568529865589483,1.11541521351171e-11
0,0,0,0,0,0,0,0,0,0,-1.98069165328993e-11,1.78683405900816e-12,-0.54835302964257,1.10677810347603,-0.558425072437885,-1.80644780498781e-12,1.98069165328993e-11,-1.78683405900816e-12,-0.54835302964257,1.10677810347603,-0.558425072437885,1.80644780498781e-12
0,0,0,0,0,0,0,0,0,0,-3.42410066654341e-11,3.05333928654651e-12,-0.538600348688398,1.08687576082678,-0.548275409609745,-3.07036095642431e-12,3.42410066654341e-11,-3.05333928654651e-12,-0.538600348688398,1.08687576082678,-0.548275409609745,3.07036095642431e-12
0,0,0,0,0,0,0,0,0,0,2.6774532049439e-12,-2.33035354606095e-13,-0.528798694733052,1.06688485870419,-0.538086164277432,2.04050469235566e-13,-2.6774532049439e-12,2.33035354606095e-13,-0.528798694733052,1.06688485870419,-0.538086164277432,-2.04050469235566e-13
0,0,0,0,0,0,0,0,0,0,1.5205085604637e-10,-1.24919776103632e-11,-0.518953729167219,1.04681678971888,-0.527863072548866,1.25109062268027e-11,-1.5205085604637e-10,1.24919776103632e-11,-0.518953729167219,1.04681678971888,-0.527863072548866,-1.25109062268027e-11
0,0,0,0,0,0,0,0,0,0,8.01207088917365e-11,-7.08615864389628e-12,-0.509071601794017,1.02668391136779,-0.51761231610157,7.08289933288801e-12,-8.01207088917365e-11,7.08615864389628e-12,-0.509071601794017,1.02668391136779,-0.51761231610157,-7.08289933288801e-12
0,0,0,0,0,0,0,0,0,0,-8.74998521471709e-11,7.70197745630831e-12,-0.499158521929501,1.00649869606306,-0.507340166872673,-7.70981562619504e-12,8.74998521471709e-11,-7.70197745630831e-12,-0.499158521929501,1.00649869606306,-0.507340166872673,7.70981562619504e-12
0,0,0,0,0,0,0,0,0,0,-1.27064005747825e-10,1.11468818429957e-11,-0.489221458061058,0.98627515283065,-0.497053683950195,-1.11527831651647e-11,1.27064005747825e-10,-1.11468818429957e-11,-0.489221458061058,0.98627515283065,-0.497053683950195,1.11527831651647e-11
0,0,0,0,0,0,0,0,0,0,-1.10685050310087e-12,1.41442410048085e-13,-0.479267653032231,0.966027821231685,-0.486760168175607,-1.57905326730367e-13,1.10685050310087e-12,-1.41442410048085e-13,-0.479267653032231,0.966027821231685,-0.486760168175607,1.57905326730367e-13
0,0,0,0,0,0,0,0,0,0,-7.77843585739099e-11,5.94666985092143e-12,-0.469305041025754,0.945772601003793,-0.476467552958947,-5.93299180444708e-12,7.77843585739099e-11,-5.94666985092143e-12,-0.469305041025754,0.945772601003793,-0.476467552958947,5.93299180444708e-12
0,0,0,0,0,0,0,0,0,0,1.10303913175523e-10,-9.58747220786954e-12,-0.459342242191501,0.925526795043611,-0.466184562985783,9.57980844138523e-12,-1.10303913175523e-10,9.58747220786954e-12,-0.459342242191501,0.925526795043611,-0.466184562985783,-9.57980844138523e-12
0,0,0,0,0,0,0,0,0,0,5.8178019809681e-11,-5.04546316575831e-12,-0.449388407207104,0.905308729776482,-0.455920327982995,5.05203176497547e-12,-5.8178019809681e-11,5.04546316575831e-12,-0.449388407207104,0.905308729776482,-0.455920327982995,-5.05203176497547e-12
0,0,0,0,0,0,0,0,0,0,-4.52548054688827e-11,3.90356739345999e-12,-0.439453428378733,0.88513824112038,-0.445684808488894,-3.91906424266514e-12,4.52548054688827e-11,-3.90356739345999e-12,-0.439453428378733,0.88513824112038,-0.445684808488894,3.91906424266514e-12
0,0,0,0,0,0,0,0,0,0,1.44402352119188e-10,-1.16844568167602e-11,-0.429548094975174,0.865036969043499,-0.435488887918865,1.17342230417486e-11,-1.44402352119188e-10,1.16844568167602e-11,-0.429548094975174,0.865036969043499,-0.435488887918865,-1.17342230417486e-11
0,0,0,0,0,0,0,0,0,0,-1.21781540567209e-10,1.04513623214661e-11,-0.419684312344532,0.845028730120675,-0.425344405560033,-1.04436852322314e-11,1.21781540567209e-10,-1.04513623214661e-11,-0.419684312344532,0.845028730120675,-0.425344405560033,1.04436852322314e-11
0,0,0,0,0,0,0,0,0,0,5.25529903923002e-12,-4.54594196239933e-13,-0.409874666144428,0.825138784035616,-0.415264118499302,4.4263852185905e-13,-5.25529903923002e-12,4.54594196239933e-13,-0.409874666144428,0.825138784035616,-0.415264118499302,-4.4263852185905e-13
0,0,0,0,0,0,0,0,0,0,-1.27474459214892e-11,9.0624384044672e-13,-0.40013313960219,0.805395111157479,-0.405261970270382,-9.08295167240254e-13,1.27474459214892e-11,-9.0624384044672e-13,-0.40013313960219,0.805395111157479,-0.405261970270382,9.08295167240254e-13
0,0,0,0,0,0,0,0,0,0,-2.31939733466732e-11,1.97024204057489e-12,-0.390474890762534,0.785828081506291,-0.395353188317408,-1.97668554724183e-12,2.31939733466732e-11,-1.97024204057489e-12,-0.390474890762534,0.785828081506291,-0.395353188317408,1.97668554724183e-12
0,0,0,0,0,0,0,0,0,0,-3.52336150304417e-11,2.98888774853303e-12,-0.380916416751848,0.766470740635404,-0.385554320058605,-2.98909520388646e-12,3.52336150304417e-11,-2.98888774853303e-12,-0.380916416751848,0.766470740635404,-0.385554320058605,2.98909520388646e-12
0,0,0,0,0,0,0,0,0,0,4.47410277588787e-11,-3.79500054149336e-12,-0.371475875369027,0.74735946164636,-0.375883591242059,3.79263612588609e-12,-4.47410277588787e-11,3.79500054149336e-12,-0.371475875369027,0.74735946164636,-0.375883591242059,-3.79263612588609e-12
0,0,0,0,0,0,0,0,0,0,3.2488012940441e-12,-2.79074502601601e-13,-0.362172963559348,0.728533678071369,-0.366360714900345,2.76034567401624e-13,-3.2488012940441e-12,2.79074502601601e-13,-0.362172963559348,0.728533678071369,-0.366360714900345,-2.76034567401624e-13
0,0,0,0,0,0,0,0,0,0,1.50241351994473e-11,-1.26902987590531e-12,-0.353029151632415,0.710036401910821,-0.357007252089812,1.25754307806918e-12,-1.50241351994473e-11,1.26902987590531e-12,-0.353029151632415,0.710036401910821,-0.357007252089812,-1.25754307806918e-12
0,0,0,0,0,0,0,0,0,0,-5.6369549973692e-11,4.73963603712306e-12,-0.344068016075268,0.691914839196364,-0.347846816605814,-4.74810647901831e-12,5.6369549973692e-11,-4.73963603712306e-12,-0.344068016075268,0.691914839196364,-0.347846816605814,4.74810647901831e-12
0,0,0,0,0,0,0,0,0,0,-6.1851281291829e-11,5.19074137597146e-12,-0.335315022708111,0.674220000653842,-0.33890497066444,-5.19849478223411e-12,6.1851281291829e-11,-5.19074137597146e-12,-0.335315022708111,0.674220000653842,-0.33890497066444,5.19849478223411e-12
0,0,0,0,0,0,0,0,0,0,-2.00699541729501e-11,1.67806805046252e-12,-0.326798036954743,0.657007689340384,-0.330209650042434,-1.68744067147222e-12,2.00699541729501e-11,-1.67806805046252e-12,-0.326798036954743,0.657007689340384,-0.330209650042434,1.68744067147222e-12
0,0,0,0,0,0,0,0,0,0,1.30038710425516e-10,-1.0317646270882e-11,-0.318547034352734,0.640337936849816,-0.321790917807757,1.03895254056597e-11,-1.30038710425516e-10,1.0317646270882e-11,-0.318547034352734,0.640337936849816,-0.321790917807757,-1.03895254056597e-11
0,0,0,0,0,0,0,0,0,0,3.69118000195968e-11,-2.55685160267258e-12,-0.310594683974121,0.624276147574763,-0.313681468261302,2.54846351346668e-12,-3.69118000195968e-11,2.55685160267258e-12,-0.310594683974121,0.624276147574763,-0.313681468261302,-2.54846351346668e-12
0,0,0,0,0,0,0,0,0,0,-1.30318988182467e-11,1.08272506745983e-12,-0.302975798185221,0.608892059969049,-0.305916260190332,-1.08822704917183e-12,1.30318988182467e-11,-1.08272506745983e-12,-0.302975798185221,0.608892059969049,-0.305916260190332,1.08822704917183e-12
0,0,0,0,0,0,0,0,0,0,-2.12748220468187e-11,1.76691183404231e-12,-0.295727675365343,0.59426036540299,-0.298532687398268,-1.77532740664296e-12,2.12748220468187e-11,-1.76691183404231e-12,-0.295727675365343,0.59426036540299,-0.298532687398268,1.77532740664296e-12
0,0,0,0,0,0,0,0,0,0,6.81984641914152e-11,-5.67361096337856e-12,-0.288889797937648,0.580460145398072,-0.291570356366249,5.66494124499337e-12,-6.81984641914152e-11,5.67361096337856e-12,-0.288889797937648,0.580460145398072,-0.291570356366249,-5.66494124499337e-12
0,0,0,0,0,0,0,0,0,0,4.56006580438588e-11,-3.79062998813969e-12,-0.282503830000522,0.5675748288296,-0.285071004848412,3.78517036967577e-12,-4.56006580438588e-11,3.79062998813969e-12,-0.282503830000522,0.5675748288296,-0.285071004848412,-3.78517036967577e-12
0,0,0,0,0,0,0,0,0,0,2.81310828375888e-11,-2.33690449257478e-12,-0.276612888677419,0.555690786680291,-0.279077901731476,2.33582356512497e-12,-2.81310828375888e-11,2.33690449257478e-12,-0.276612888677419,0.555690786680291,-0.279077901731476,-2.33582356512497e-12
0,0,0,0,0,0,0,0,0,0,-7.62626741063848e-12,6.28080316167049e-13,-0.271261424260593,0.544897055178293,-0.273635629981881,-6.36050882059883e-13,7.62626741063848e-12,-6.28080316167049e-13,-0.271261424260593,0.544897055178293,-0.273635629981881,6.36050882059883e-13
0,0,0,0,0,0,0,0,0,0,-3.97063993348646e-11,3.28319401483023e-12,-0.266494236749609,0.535283384482263,-0.268789142467862,-3.29058392773884e-12,3.97063993348646e-11,-3.28319401483023e-12,-0.266494236749609,0.535283384482263,-0.268789142467862,3.29058392773884e-12
0,0,0,0,0,0,0,0,0,0,-8.37237891895562e-11,6.46128353846506e-12,-0.262355862609391,0.526939009319762,-0.264583135046324,-6.43050919402377e-12,8.37237891895562e-11,-6.46128353846506e-12,-0.262355862609391,0.526939009319762,-0.264583135046324,6.43050919402377e-12
0,0,0,0,0,0,0,0,0,0,6.65927474654459e-11,-5.0372507221098e-12,-0.258889441453452,0.519950387428278,-0.261060955054032,5.03629331696202e-12,-6.65927474654459e-11,5.0372507221098e-12,-0.258889441453452,0.519950387428278,-0.261060955054032,-5.03629331696202e-12
0,0,0,0,0,0,0,0,0,0,-6.68439992989845e-11,5.05491213567616e-12,-0.256135728174868,0.514399195114423,-0.258263457707206,-5.04689456456283e-12,6.68439992989845e-11,-5.05491213567616e-12,-0.256135728174868,0.514399195114423,-0.258263457707206,5.04689456456283e-12
0,0,0,0,0,0,0,0,0,0,5.77149205141847e-11,-4.30891055216624e-12,-0.254132105264655,0.510360419518472,-0.256228322273188,4.30013621071899e-12,-5.77149205141847e-11,4.30891055216624e-12,-0.254132105264655,0.510360419518472,-0.256228322273188,-4.30013621071899e-12
0,0,0,0,0,0,0,0,0,0,1.6808806262715e-11,-1.39164466602531e-12,-0.252910891097069,0.507898898304184,-0.254988009578821,1.38631393074267e-12,-1.6808806262715e-11,1.39164466602531e-12,-0.252910891097069,0.507898898304184,-0.254988009578821,-1.38631393074267e-12
0,0,0,0,0,0,0,0,0,0,9.03353136458029e-11,-7.45650278623753e-12,-0.252498962564784,0.507068628775437,-0.254569678496079,7.47099373354639e-12,-9.03353136458029e-11,7.45650278623753e-12,-0.252498962564784,0.507068628775437,-0.254569678496079,-7.47099373354639e-12
